filename,width,height,class,xmin,ymin,xmax,ymax
1.jpg,640,480,colgatetoothpaste big,188,240,515,347
103.jpg,360,480,gokulsantol small,153,172,224,321
104.jpg,360,480,gokulsantol small,121,190,207,342
105.jpg,360,480,gokulsantol small,113,205,210,321
106.jpg,360,480,gokulsantol small,127,192,247,300
108.jpg,360,480,gokulsantol small,118,137,232,350
112.jpg,360,480,gokulsantol small,89,211,257,297
115.jpg,360,480,gokulsantol small,173,153,259,298
123.jpg,360,480,gokulsantol small,151,170,250,314
128.jpg,360,480,gokulsantol small,167,178,262,383
129.jpg,360,480,gokulsantol big,126,134,229,414
130.jpg,360,480,gokulsantol big,109,120,223,363
133.jpg,360,480,gokulsantol big,109,210,315,320
137.jpg,640,480,gokulsantol big,224,172,483,272
14.jpg,360,480,colgatetoothpaste big,134,145,224,375
140.jpg,640,480,gokulsantol big,170,67,372,320
142.jpg,640,480,gokulsantol big,147,120,406,272
147.jpg,360,480,gokulsantol big,165,142,274,389
150.jpg,640,480,gokulsantol big,130,175,539,316
151.jpg,360,480,gokulsantol big,98,63,216,292
154.jpg,360,480,gokulsantol big,150,190,230,419
154.jpg,360,480,gokulsantol small,221,257,313,416
157.jpg,640,480,gokulsantol big,96,153,473,259
157.jpg,640,480,gokulsantol small,92,249,350,359
158.jpg,360,480,gokulsantol small,192,140,281,326
158.jpg,360,480,gokulsantol big,90,92,199,321
159.jpg,360,480,gokulsantol big,92,91,201,324
159.jpg,360,480,gokulsantol small,185,147,292,334
161.jpg,640,480,gokulsantol small,312,110,569,175
161.jpg,640,480,gokulsantol big,219,167,537,278
162.jpg,360,480,gokulsantol big,125,172,199,370
162.jpg,360,480,gokulsantol small,194,234,269,379
163.jpg,360,480,gokulsantol big,120,178,215,467
163.jpg,360,480,gokulsantol small,213,273,302,470
165.jpg,360,480,gokulsantol big,88,113,182,390
165.jpg,360,480,gokulsantol small,178,228,257,427
17.jpg,360,480,colgatetoothpaste big,143,48,253,334
176.jpg,640,480,gokulsantol small,215,129,314,324
176.jpg,640,480,gokulsantol big,304,100,602,329
18.jpg,640,480,colgatetoothpaste big,288,110,381,309
195.jpg,360,480,gokulsantol small,41,234,112,384
195.jpg,360,480,gokulsantol big,136,175,226,399
195.jpg,360,480,colgatetoothpaste big,231,180,318,446
196.jpg,360,480,colgatetoothpaste big,213,207,279,431
196.jpg,360,480,gokulsantol big,115,149,210,362
196.jpg,360,480,gokulsantol small,33,222,126,365
197.jpg,360,480,gokulsantol big,78,86,168,322
197.jpg,360,480,gokulsantol small,226,280,350,448
197.jpg,360,480,colgatetoothpaste big,169,57,298,361
2.jpg,640,480,colgatetoothpaste big,204,197,504,288
206.jpg,360,480,colgatetoothpaste small,120,201,223,379
206.jpg,360,480,gokulsantol big,18,34,124,267
206.jpg,360,480,gokulsantol small,152,91,225,246
210.jpg,360,480,gokulsantol small,235,197,308,336
210.jpg,360,480,colgatetoothpaste small,180,146,235,315
210.jpg,360,480,gokulsantol big,99,139,180,332
211.jpg,360,480,gokulsantol big,64,157,154,384
211.jpg,360,480,gokulsantol small,158,226,230,373
211.jpg,360,480,colgatetoothpaste small,242,196,314,390
212.jpg,360,480,colgatetoothpaste small,216,186,310,375
212.jpg,360,480,gokulsantol small,151,210,226,362
212.jpg,360,480,gokulsantol big,64,179,144,407
216.jpg,360,480,gokulsantol small,40,192,138,362
216.jpg,360,480,gokulsantol big,130,186,230,415
216.jpg,360,480,colgatetoothpaste small,245,186,334,414
216.jpg,360,480,colgatetoothpaste small,42,120,319,185
219.jpg,360,480,colgatetoothpaste small,24,214,110,435
219.jpg,360,480,colgatetoothpaste big,33,96,297,186
219.jpg,360,480,gokulsantol small,137,249,234,430
219.jpg,360,480,gokulsantol big,233,186,360,439
22.jpg,360,480,colgatetoothpaste big,146,169,216,398
23.jpg,360,480,colgatetoothpaste big,141,152,214,395
231.jpg,360,480,colgatetoothpaste big,35,137,138,363
231.jpg,360,480,colgatetoothpaste small,268,205,327,386
231.jpg,360,480,gokulsantol big,140,189,205,372
231.jpg,360,480,gokulsantol small,208,231,260,359
232.jpg,360,480,colgatetoothpaste big,42,152,130,389
232.jpg,360,480,gokulsantol big,135,194,200,383
232.jpg,360,480,colgatetoothpaste small,202,207,257,388
232.jpg,360,480,gokulsantol small,262,250,336,410
233.jpg,360,480,gokulsantol small,254,250,331,404
233.jpg,360,480,gokulsantol big,175,164,254,366
233.jpg,360,480,colgatetoothpaste big,75,108,178,364
233.jpg,360,480,colgatetoothpaste small,5,216,100,418
240.jpg,640,480,colgatetoothpaste small,248,201,329,377
240.jpg,640,480,colgatetoothpaste big,374,167,466,452
240.jpg,640,480,gokulsantol small,302,121,388,257
240.jpg,640,480,gokulsantol big,477,11,586,278
242.jpg,360,480,colgatetoothpaste small,20,192,83,334
242.jpg,360,480,colgatetoothpaste big,21,243,251,416
242.jpg,360,480,gokulsantol small,121,145,183,262
242.jpg,360,480,gokulsantol big,257,116,350,322
243.jpg,640,480,colgatetoothpaste small,153,257,256,403
243.jpg,640,480,colgatetoothpaste big,291,192,382,440
243.jpg,640,480,gokulsantol small,385,124,472,297
243.jpg,640,480,gokulsantol big,179,102,312,294
244.jpg,360,480,colgatetoothpaste small,48,144,119,317
244.jpg,360,480,gokulsantol big,125,135,193,334
244.jpg,360,480,colgatetoothpaste big,195,97,275,372
244.jpg,360,480,gokulsantol small,256,239,339,413
245.jpg,360,480,gokulsantol small,249,283,334,453
245.jpg,360,480,gokulsantol big,174,191,253,402
245.jpg,360,480,colgatetoothpaste big,38,115,115,364
245.jpg,360,480,colgatetoothpaste small,114,195,164,370
246.jpg,360,480,colgatetoothpaste big,26,99,105,348
246.jpg,360,480,gokulsantol big,129,179,205,371
246.jpg,360,480,gokulsantol small,195,255,264,417
246.jpg,360,480,colgatetoothpaste small,243,246,336,451
247.jpg,360,480,colgatetoothpaste big,20,103,105,337
247.jpg,360,480,gokulsantol big,128,159,195,364
247.jpg,360,480,colgatetoothpaste small,186,207,263,389
247.jpg,360,480,gokulsantol small,226,290,319,456
248.jpg,360,480,gokulsantol big,18,153,110,343
248.jpg,360,480,colgatetoothpaste big,112,110,194,362
248.jpg,360,480,colgatetoothpaste small,197,210,272,383
248.jpg,360,480,gokulsantol small,247,284,332,440
249.jpg,360,480,gokulsantol big,47,123,118,314
249.jpg,360,480,colgatetoothpaste big,126,97,220,330
249.jpg,360,480,colgatetoothpaste small,95,306,254,437
249.jpg,360,480,gokulsantol small,239,293,343,440
251.jpg,640,480,darkfantasy small,194,156,426,253
252.jpg,640,480,darkfantasy small,169,197,456,325
254.jpg,360,480,darkfantasy small,123,217,226,423
255.jpg,640,480,darkfantasy small,180,63,504,302
257.jpg,640,480,darkfantasy small,215,143,609,306
258.jpg,360,480,darkfantasy small,82,103,237,437
264.jpg,360,480,darkfantasy small,102,129,281,343
265.jpg,360,480,darkfantasy small,137,157,263,356
266.jpg,640,480,darkfantasy small,223,130,529,311
268.jpg,360,480,darkfantasy small,148,152,281,333
269.jpg,640,480,darkfantasy small,111,119,418,420
270.jpg,640,480,darkfantasy small,215,88,381,440
272.jpg,640,480,darkfantasy big,81,87,506,305
273.jpg,360,480,darkfantasy big,69,161,235,454
274.jpg,360,480,darkfantasy big,115,134,274,362
275.jpg,360,480,darkfantasy big,73,93,262,379
278.jpg,360,480,darkfantasy big,78,95,284,340
279.jpg,360,480,darkfantasy big,59,103,263,356
28.jpg,360,480,colgatetoothpaste big,166,121,268,361
282.jpg,640,480,darkfantasy big,139,72,481,329
283.jpg,360,480,darkfantasy big,49,166,307,340
285.jpg,640,480,darkfantasy big,207,131,583,315
288.jpg,360,480,darkfantasy big,138,97,316,391
289.jpg,360,480,darkfantasy big,124,93,297,454
291.jpg,640,480,darkfantasy big,245,116,607,326
293.jpg,640,480,darkfantasy big,214,21,615,221
295.jpg,640,480,darkfantasy big,147,110,507,276
296.jpg,360,480,darkfantasy small,26,154,213,247
296.jpg,360,480,darkfantasy big,116,213,324,351
298.jpg,360,480,darkfantasy big,97,104,308,216
298.jpg,360,480,darkfantasy small,118,206,280,393
3.jpg,360,480,colgatetoothpaste big,96,140,205,369
303.jpg,640,480,darkfantasy big,56,90,279,433
303.jpg,640,480,darkfantasy small,261,87,596,353
308.jpg,640,480,darkfantasy big,27,70,276,393
308.jpg,640,480,darkfantasy small,202,81,567,254
310.jpg,640,480,darkfantasy big,19,164,246,424
310.jpg,640,480,darkfantasy small,229,191,560,370
313.jpg,640,480,darkfantasy small,217,305,510,464
313.jpg,640,480,darkfantasy big,284,40,494,314
314.jpg,640,480,darkfantasy small,172,213,571,443
314.jpg,640,480,darkfantasy big,376,6,504,246
315.jpg,640,480,darkfantasy small,112,274,522,410
315.jpg,640,480,darkfantasy big,69,83,478,288
317.jpg,360,480,darkfantasy small,167,170,218,430
317.jpg,360,480,darkfantasy big,96,74,332,211
318.jpg,360,480,darkfantasy small,74,196,262,439
318.jpg,360,480,darkfantasy big,97,89,338,198
319.jpg,640,480,darkfantasy small,55,109,371,263
319.jpg,640,480,darkfantasy big,367,59,613,339
32.jpg,640,480,colgatetoothpaste small,218,249,419,318
320.jpg,360,480,darkfantasy small,83,174,176,388
320.jpg,360,480,darkfantasy big,178,144,280,382
321.jpg,360,480,darkfantasy small,15,233,194,360
321.jpg,360,480,darkfantasy big,171,84,290,307
323.jpg,360,480,darkfantasy small,18,303,252,419
323.jpg,360,480,darkfantasy big,170,56,309,307
325.jpg,640,480,darkfantasy small,98,188,368,353
325.jpg,640,480,darkfantasy big,314,41,598,336
328.jpg,640,480,gokulsantol big,457,98,614,427
328.jpg,640,480,gokulsantol small,367,149,460,362
328.jpg,640,480,colgatetoothpaste big,288,173,380,446
328.jpg,640,480,darkfantasy small,161,193,262,407
328.jpg,640,480,colgatetoothpaste small,50,150,158,406
33.jpg,360,480,colgatetoothpaste small,154,204,210,369
331.jpg,640,480,colgatetoothpaste small,22,144,128,382
331.jpg,640,480,colgatetoothpaste big,147,148,227,434
331.jpg,640,480,darkfantasy small,226,70,370,347
331.jpg,640,480,gokulsantol big,426,167,619,411
331.jpg,640,480,gokulsantol small,341,172,448,348
332.jpg,640,480,colgatetoothpaste small,54,224,143,410
332.jpg,640,480,colgatetoothpaste big,149,40,238,354
332.jpg,640,480,darkfantasy small,218,244,323,440
332.jpg,640,480,gokulsantol small,332,210,418,380
332.jpg,640,480,gokulsantol big,401,208,560,434
334.jpg,640,480,gokulsantol big,20,146,180,419
334.jpg,640,480,colgatetoothpaste big,130,51,261,348
334.jpg,640,480,darkfantasy small,247,245,373,443
334.jpg,640,480,gokulsantol small,376,191,461,360
334.jpg,640,480,colgatetoothpaste small,477,162,586,451
335.jpg,640,480,gokulsantol big,26,129,158,423
335.jpg,640,480,colgatetoothpaste big,135,27,256,335
335.jpg,640,480,darkfantasy small,242,230,363,437
335.jpg,640,480,gokulsantol small,360,172,458,358
335.jpg,640,480,colgatetoothpaste small,463,180,602,426
336.jpg,640,480,gokulsantol big,9,178,164,455
336.jpg,640,480,colgatetoothpaste big,120,54,244,392
336.jpg,640,480,darkfantasy small,241,249,359,446
336.jpg,640,480,gokulsantol small,371,198,448,375
336.jpg,640,480,colgatetoothpaste small,468,184,569,448
337.jpg,640,480,gokulsantol big,37,154,179,430
337.jpg,640,480,gokulsantol small,210,161,283,313
337.jpg,640,480,darkfantasy small,250,256,370,449
337.jpg,640,480,colgatetoothpaste big,386,59,477,346
337.jpg,640,480,colgatetoothpaste small,472,204,604,455
338.jpg,640,480,gokulsantol small,7,203,114,403
338.jpg,640,480,gokulsantol big,91,48,179,299
338.jpg,640,480,darkfantasy small,151,262,279,460
338.jpg,640,480,darkfantasy big,293,221,447,429
338.jpg,640,480,colgatetoothpaste big,380,30,492,320
338.jpg,640,480,colgatetoothpaste small,472,160,596,447
34.jpg,640,480,colgatetoothpaste small,183,211,454,283
340.jpg,640,480,colgatetoothpaste small,50,117,147,370
340.jpg,640,480,gokulsantol big,154,55,235,282
340.jpg,640,480,darkfantasy small,198,254,312,456
340.jpg,640,480,colgatetoothpaste big,330,22,435,305
340.jpg,640,480,gokulsantol small,352,228,459,418
340.jpg,640,480,darkfantasy big,459,245,591,465
341.jpg,640,480,gokulsantol big,20,133,153,394
341.jpg,640,480,colgatetoothpaste small,128,102,215,298
341.jpg,640,480,darkfantasy small,203,263,312,450
341.jpg,640,480,colgatetoothpaste big,303,19,379,278
341.jpg,640,480,darkfantasy big,449,206,584,431
341.jpg,640,480,gokulsantol small,349,224,427,387
342.jpg,640,480,gokulsantol big,31,110,145,343
342.jpg,640,480,colgatetoothpaste big,128,175,258,343
342.jpg,640,480,colgatetoothpaste small,253,167,307,299
342.jpg,640,480,darkfantasy big,324,143,439,319
342.jpg,640,480,darkfantasy small,420,216,539,372
342.jpg,640,480,gokulsantol small,520,208,628,399
343.jpg,640,480,gokulsantol big,164,40,259,251
343.jpg,640,480,colgatetoothpaste small,79,329,378,437
343.jpg,640,480,colgatetoothpaste big,13,238,361,363
343.jpg,640,480,darkfantasy big,269,109,456,245
343.jpg,640,480,darkfantasy small,359,188,496,340
343.jpg,640,480,gokulsantol small,443,255,596,386
344.jpg,640,480,darkfantasy small,137,283,384,478
344.jpg,640,480,colgatetoothpaste big,48,207,359,298
344.jpg,640,480,gokulsantol big,215,21,342,213
344.jpg,640,480,darkfantasy big,321,122,515,237
344.jpg,640,480,colgatetoothpaste small,379,209,529,309
344.jpg,640,480,gokulsantol small,429,302,595,396
346.jpg,640,480,darkfantasy small,150,317,423,451
346.jpg,640,480,darkfantasy big,26,203,293,367
346.jpg,640,480,gokulsantol big,275,37,349,236
346.jpg,640,480,colgatetoothpaste big,334,168,569,256
346.jpg,640,480,colgatetoothpaste small,396,237,580,310
346.jpg,640,480,gokulsantol small,473,263,599,418
348.jpg,360,480,boost small,70,208,169,388
349.jpg,360,480,boost small,124,137,240,379
35.jpg,360,480,colgatetoothpaste small,104,137,197,305
350.jpg,360,480,boost small,51,201,263,329
351.jpg,640,480,boost small,338,81,478,340
352.jpg,360,480,boost small,70,170,277,288
355.jpg,360,480,boost small,44,162,311,300
358.jpg,640,480,boost small,79,94,468,338
36.jpg,360,480,colgatetoothpaste small,121,156,225,327
362.jpg,360,480,boost small,108,151,232,340
363.jpg,360,480,boost small,89,159,226,388
364.jpg,360,480,boost small,88,121,204,360
365.jpg,360,480,boost small,131,129,284,418
366.jpg,360,480,boost small,150,82,264,348
369.jpg,360,480,boost small,148,97,298,336
375.jpg,360,480,boost big,143,88,271,383
377.jpg,360,480,boost big,110,83,268,404
378.jpg,360,480,boost big,85,72,262,398
379.jpg,360,480,boost big,123,131,269,364
38.jpg,640,480,colgatetoothpaste small,231,197,430,270
380.jpg,360,480,boost big,157,60,274,278
381.jpg,360,480,boost big,155,100,281,341
382.jpg,360,480,boost big,109,118,256,402
383.jpg,360,480,boost big,100,117,248,381
384.jpg,360,480,boost big,69,121,217,407
385.jpg,360,480,boost big,105,107,258,370
386.jpg,360,480,boost big,80,48,253,340
387.jpg,360,480,boost big,103,56,247,350
388.jpg,360,480,boost big,110,56,256,357
389.jpg,360,480,boost big,105,146,265,408
39.jpg,360,480,colgatetoothpaste small,172,140,222,282
390.jpg,360,480,boost big,76,159,267,254
391.jpg,360,480,boost big,54,164,256,253
392.jpg,360,480,boost big,108,120,253,432
395.jpg,360,480,boost big,125,45,275,335
396.jpg,360,480,boost big,118,46,278,329
40.jpg,360,480,colgatetoothpaste small,146,163,208,322
405.jpg,360,480,boost big,77,104,259,391
406.jpg,360,480,boost big,110,137,248,396
407.jpg,360,480,boost small,180,196,283,392
407.jpg,360,480,boost big,39,90,172,334
409.jpg,360,480,boost small,186,175,318,425
409.jpg,360,480,boost big,41,65,201,367
41.jpg,360,480,colgatetoothpaste small,129,196,200,367
410.jpg,360,480,boost small,198,186,325,403
410.jpg,360,480,boost big,28,90,193,382
411.jpg,360,480,boost small,176,178,310,394
411.jpg,360,480,boost big,31,53,180,374
412.jpg,360,480,boost small,177,197,318,417
412.jpg,360,480,boost big,26,95,173,382
414.jpg,360,480,boost small,216,197,343,420
414.jpg,360,480,boost big,58,84,200,391
416.jpg,360,480,boost small,172,225,265,398
416.jpg,360,480,boost big,8,99,211,286
417.jpg,640,480,boost small,291,132,510,239
417.jpg,640,480,boost big,133,108,291,357
418.jpg,360,480,boost small,207,176,307,345
418.jpg,360,480,boost big,19,128,171,323
42.jpg,640,480,colgatetoothpaste small,245,156,459,238
420.jpg,360,480,boost small,228,173,321,340
420.jpg,360,480,boost big,49,106,198,341
421.jpg,360,480,boost small,189,207,289,380
421.jpg,360,480,boost big,58,168,192,357
422.jpg,360,480,boost small,125,218,319,387
422.jpg,360,480,boost big,131,50,227,211
423.jpg,360,480,boost small,161,266,348,407
423.jpg,360,480,boost big,1,117,181,364
426.jpg,360,480,boost small,174,213,335,382
426.jpg,360,480,boost big,63,19,180,251
427.jpg,360,480,boost small,162,253,310,434
427.jpg,360,480,boost big,78,31,267,254
429.jpg,360,480,boost big,10,97,226,290
429.jpg,360,480,boost small,178,239,343,385
43.jpg,360,480,colgatetoothpaste small,132,172,202,301
431.jpg,360,480,boost small,178,179,327,345
431.jpg,360,480,boost big,72,81,187,307
432.jpg,640,480,boost big,33,221,341,413
432.jpg,640,480,boost small,351,110,619,242
433.jpg,360,480,boost small,188,209,294,392
433.jpg,360,480,boost big,35,108,292,204
434.jpg,360,480,boost small,106,206,247,386
434.jpg,360,480,boost big,72,113,302,204
435.jpg,360,480,boost small,35,197,211,362
435.jpg,360,480,boost big,118,80,338,194
436.jpg,360,480,boost small,10,186,126,358
436.jpg,360,480,boost big,134,171,342,269
437.jpg,360,480,boost small,33,230,143,434
437.jpg,360,480,boost big,175,168,332,449
438.jpg,360,480,boost big,68,153,194,434
438.jpg,360,480,boost small,216,239,323,463
439.jpg,640,480,boost small,18,114,154,331
439.jpg,640,480,darkfantasy small,153,212,260,357
439.jpg,640,480,gokulsantol big,218,71,288,262
439.jpg,640,480,gokulsantol small,287,161,345,297
439.jpg,640,480,colgatetoothpaste big,343,182,439,389
439.jpg,640,480,colgatetoothpaste small,418,205,505,359
439.jpg,640,480,darkfantasy big,461,158,627,351
442.jpg,640,480,gokulsantol small,32,207,143,358
442.jpg,640,480,darkfantasy big,135,207,311,382
442.jpg,640,480,gokulsantol big,205,90,283,269
442.jpg,640,480,boost small,280,100,366,280
442.jpg,640,480,colgatetoothpaste small,351,213,412,370
442.jpg,640,480,colgatetoothpaste big,411,184,516,388
442.jpg,640,480,darkfantasy small,475,197,609,340
443.jpg,640,480,gokulsantol small,47,205,142,364
443.jpg,640,480,darkfantasy big,138,212,310,413
443.jpg,640,480,gokulsantol big,225,84,293,276
443.jpg,640,480,boost small,303,91,385,267
443.jpg,640,480,colgatetoothpaste small,370,230,423,378
443.jpg,640,480,darkfantasy small,491,235,631,378
443.jpg,640,480,colgatetoothpaste big,426,207,538,421
445.jpg,640,480,darkfantasy big,69,217,244,401
445.jpg,640,480,gokulsantol big,183,85,252,260
445.jpg,640,480,gokulsantol small,246,216,320,351
445.jpg,640,480,boost small,278,86,361,264
445.jpg,640,480,colgatetoothpaste small,332,222,412,385
445.jpg,640,480,colgatetoothpaste big,407,186,490,417
445.jpg,640,480,darkfantasy small,477,214,614,396
446.jpg,640,480,darkfantasy big,151,281,291,457
446.jpg,640,480,colgatetoothpaste big,246,280,388,448
446.jpg,640,480,boost small,264,166,348,311
446.jpg,640,480,gokulsantol big,360,170,418,320
446.jpg,640,480,colgatetoothpaste small,392,299,437,447
446.jpg,640,480,gokulsantol small,449,273,509,416
446.jpg,640,480,darkfantasy small,507,292,640,442
447.jpg,640,480,boost small,5,91,126,307
447.jpg,640,480,darkfantasy small,123,208,258,374
447.jpg,640,480,darkfantasy big,209,30,294,252
447.jpg,640,480,colgatetoothpaste small,296,64,361,265
447.jpg,640,480,colgatetoothpaste big,368,21,457,260
447.jpg,640,480,gokulsantol small,465,217,585,367
447.jpg,640,480,gokulsantol big,430,107,534,294
448.jpg,640,480,boost small,10,115,136,343
448.jpg,640,480,darkfantasy small,134,245,286,407
448.jpg,640,480,darkfantasy big,216,51,316,273
448.jpg,640,480,colgatetoothpaste small,325,224,389,383
448.jpg,640,480,colgatetoothpaste big,392,31,470,305
448.jpg,640,480,gokulsantol small,491,237,611,387
448.jpg,640,480,gokulsantol big,450,118,555,317
449.jpg,640,480,boost small,29,102,141,318
449.jpg,640,480,darkfantasy small,137,224,264,405
449.jpg,640,480,darkfantasy big,213,64,307,275
449.jpg,640,480,colgatetoothpaste small,304,223,365,356
449.jpg,640,480,colgatetoothpaste big,363,49,454,285
449.jpg,640,480,gokulsantol big,420,140,526,306
449.jpg,640,480,gokulsantol small,373,292,507,383
450.jpg,360,480,lgasafoetidapowder small,145,198,241,346
451.jpg,360,480,lgasafoetidapowder small,140,197,232,350
452.jpg,360,480,lgasafoetidapowder small,151,208,233,352
453.jpg,360,480,lgasafoetidapowder small,152,186,256,348
455.jpg,360,480,lgasafoetidapowder small,121,204,213,348
457.jpg,360,480,lgasafoetidapowder small,130,149,232,264
459.jpg,360,480,lgasafoetidapowder small,123,198,247,322
46.jpg,360,480,colgatetoothpaste small,169,152,254,352
461.jpg,360,480,lgasafoetidapowder small,113,174,235,286
462.jpg,640,480,lgasafoetidapowder small,246,238,408,331
463.jpg,640,480,lgasafoetidapowder small,252,175,423,313
464.jpg,360,480,lgasafoetidapowder small,144,91,216,204
465.jpg,360,480,lgasafoetidapowder small,181,185,259,278
469.jpg,360,480,lgasafoetidapowder small,112,200,222,277
470.jpg,360,480,lgasafoetidapowder small,53,141,204,252
471.jpg,640,480,lgasafoetidapowder small,124,72,312,273
472.jpg,640,480,lgasafoetidapowder small,321,176,504,343
473.jpg,640,480,lgasafoetidapowder small,189,75,404,236
474.jpg,360,480,lgasafoetidapowder small,101,112,229,297
475.jpg,360,480,lgasafoetidapowder small,113,73,239,243
477.jpg,360,480,lgasafoetidapowder large,89,170,244,375
479.jpg,360,480,lgasafoetidapowder large,148,116,250,314
480.jpg,360,480,lgasafoetidapowder large,124,140,256,340
481.jpg,360,480,lgasafoetidapowder large,130,149,262,331
483.jpg,360,480,lgasafoetidapowder large,110,144,302,266
485.jpg,360,480,lgasafoetidapowder large,97,130,278,232
490.jpg,640,480,lgasafoetidapowder large,400,177,519,326
5.jpg,360,480,colgatetoothpaste big,172,122,261,389
507.jpg,360,480,lgasafoetidapowder large,125,132,299,209
510.jpg,360,480,lgasafoetidapowder large,45,135,215,269
511.jpg,640,480,lgasafoetidapowder large,339,103,469,314
513.jpg,360,480,lgasafoetidapowder large,108,88,221,252
514.jpg,360,480,lgasafoetidapowder large,157,115,262,271
515.jpg,360,480,lgasafoetidapowder large,140,187,227,316
516.jpg,360,480,lgasafoetidapowder large,170,177,253,313
517.jpg,360,480,lgasafoetidapowder large,135,191,260,407
525.jpg,360,480,lgasafoetidapowder large,75,191,180,358
525.jpg,360,480,lgasafoetidapowder small,189,219,273,379
526.jpg,360,480,lgasafoetidapowder large,89,154,181,385
526.jpg,360,480,lgasafoetidapowder small,196,250,289,397
528.jpg,360,480,lgasafoetidapowder large,75,136,189,371
528.jpg,360,480,lgasafoetidapowder small,198,230,307,396
53.jpg,640,480,colgatetoothpaste small,187,205,486,289
530.jpg,360,480,lgasafoetidapowder small,138,305,254,439
530.jpg,360,480,lgasafoetidapowder large,151,110,258,289
532.jpg,360,480,lgasafoetidapowder small,91,174,202,363
532.jpg,360,480,lgasafoetidapowder large,227,145,344,377
534.jpg,360,480,lgasafoetidapowder small,56,177,172,353
534.jpg,360,480,lgasafoetidapowder large,189,124,322,331
535.jpg,360,480,lgasafoetidapowder small,71,186,170,358
535.jpg,360,480,lgasafoetidapowder large,183,191,284,344
536.jpg,360,480,lgasafoetidapowder small,79,196,185,344
536.jpg,360,480,lgasafoetidapowder large,151,55,259,217
537.jpg,360,480,lgasafoetidapowder large,78,181,182,376
537.jpg,360,480,lgasafoetidapowder small,191,96,299,237
539.jpg,640,480,lgasafoetidapowder large,127,116,327,275
539.jpg,640,480,lgasafoetidapowder small,177,323,375,431
54.jpg,360,480,colgatetoothpaste small,162,172,232,353
540.jpg,360,480,lgasafoetidapowder large,78,203,208,391
540.jpg,360,480,lgasafoetidapowder small,178,71,257,205
541.jpg,360,480,lgasafoetidapowder large,55,185,207,383
541.jpg,360,480,lgasafoetidapowder small,170,44,256,193
542.jpg,360,480,lgasafoetidapowder large,83,56,170,253
542.jpg,360,480,lgasafoetidapowder small,191,105,307,290
543.jpg,360,480,lgasafoetidapowder large,30,101,208,234
543.jpg,360,480,lgasafoetidapowder small,217,132,326,271
544.jpg,640,480,lgasafoetidapowder large,119,47,365,213
544.jpg,640,480,lgasafoetidapowder small,258,257,458,434
545.jpg,640,480,lgasafoetidapowder large,202,107,311,298
545.jpg,640,480,lgasafoetidapowder small,375,107,484,251
546.jpg,360,480,lgasafoetidapowder small,137,216,216,332
546.jpg,360,480,lgasafoetidapowder large,130,91,238,219
547.jpg,360,480,lgasafoetidapowder small,123,267,228,418
547.jpg,360,480,lgasafoetidapowder large,160,105,248,262
549.jpg,360,480,lgasafoetidapowder small,106,221,178,334
549.jpg,360,480,lgasafoetidapowder large,156,91,232,225
550.jpg,360,480,lgasafoetidapowder small,130,191,206,338
550.jpg,360,480,lgasafoetidapowder large,176,66,271,205
551.jpg,360,480,lgasafoetidapowder small,110,205,192,315
551.jpg,360,480,lgasafoetidapowder large,94,88,253,168
552.jpg,360,480,lgasafoetidapowder small,52,254,136,373
552.jpg,360,480,lgasafoetidapowder large,43,105,202,196
554.jpg,360,480,lgasafoetidapowder large,74,229,170,372
554.jpg,360,480,lgasafoetidapowder small,148,182,244,291
555.jpg,640,480,gokulsantol small,27,232,112,373
555.jpg,640,480,gokulsantol big,85,136,168,325
555.jpg,640,480,colgatetoothpaste big,166,65,247,291
555.jpg,640,480,darkfantasy big,245,81,345,293
555.jpg,640,480,lgasafoetidapowder small,337,202,398,299
555.jpg,640,480,boost small,405,126,489,297
555.jpg,640,480,boost big,469,83,625,335
555.jpg,640,480,darkfantasy small,135,302,307,466
555.jpg,640,480,colgatetoothpaste small,227,273,383,387
556.jpg,640,480,gokulsantol small,46,218,127,376
556.jpg,640,480,colgatetoothpaste small,125,146,187,307
556.jpg,640,480,colgatetoothpaste big,196,82,258,295
556.jpg,640,480,darkfantasy big,259,102,348,305
556.jpg,640,480,lgasafoetidapowder small,342,214,403,313
556.jpg,640,480,boost small,401,136,491,308
556.jpg,640,480,boost big,475,104,632,348
556.jpg,640,480,darkfantasy small,143,303,311,471
556.jpg,640,480,gokulsantol big,252,279,434,415
557.jpg,640,480,boost small,50,143,156,334
557.jpg,640,480,colgatetoothpaste small,154,142,199,280
557.jpg,640,480,colgatetoothpaste big,214,67,266,274
557.jpg,640,480,darkfantasy big,272,133,351,286
557.jpg,640,480,lgasafoetidapowder small,344,216,406,329
557.jpg,640,480,gokulsantol big,399,145,491,315
557.jpg,640,480,boost big,460,134,624,407
557.jpg,640,480,darkfantasy small,149,279,279,424
557.jpg,640,480,gokulsantol small,233,273,346,374
558.jpg,640,480,boost small,51,176,150,371
558.jpg,640,480,colgatetoothpaste small,140,129,188,299
558.jpg,640,480,colgatetoothpaste big,192,78,257,287
558.jpg,640,480,darkfantasy big,251,131,326,286
558.jpg,640,480,darkfantasy small,331,150,391,283
558.jpg,640,480,gokulsantol big,406,135,472,311
558.jpg,640,480,boost big,448,139,609,357
558.jpg,640,480,lgasafoetidapowder small,198,289,273,396
558.jpg,640,480,gokulsantol small,301,269,375,391
559.jpg,640,480,lgasafoetidapowder small,30,244,119,359
559.jpg,640,480,colgatetoothpaste small,67,143,150,291
559.jpg,640,480,colgatetoothpaste big,123,62,226,272
559.jpg,640,480,darkfantasy big,202,102,306,259
559.jpg,640,480,gokulsantol small,329,150,380,275
559.jpg,640,480,gokulsantol big,386,99,448,285
559.jpg,640,480,boost big,440,78,608,334
559.jpg,640,480,darkfantasy small,161,260,238,435
559.jpg,640,480,boost small,222,230,401,381
560.jpg,640,480,lgasafoetidapowder small,55,229,131,352
560.jpg,640,480,boost small,72,129,184,283
560.jpg,640,480,colgatetoothpaste big,158,48,242,252
560.jpg,640,480,darkfantasy big,234,95,318,258
560.jpg,640,480,gokulsantol small,339,153,391,257
560.jpg,640,480,gokulsantol big,391,86,454,255
560.jpg,640,480,boost big,444,75,605,305
560.jpg,640,480,darkfantasy small,183,249,252,393
560.jpg,640,480,colgatetoothpaste small,261,232,395,375
561.jpg,640,480,lgasafoetidapowder small,53,275,133,399
561.jpg,640,480,colgatetoothpaste big,61,107,172,328
561.jpg,640,480,gokulsantol big,165,158,239,305
561.jpg,640,480,darkfantasy big,232,145,329,309
561.jpg,640,480,gokulsantol small,334,199,377,310
561.jpg,640,480,boost small,391,139,469,310
561.jpg,640,480,boost big,456,145,611,368
561.jpg,640,480,darkfantasy small,180,287,260,449
561.jpg,640,480,colgatetoothpaste small,269,296,396,429
562.jpg,640,480,lgasafoetidapowder small,56,253,129,380
562.jpg,640,480,colgatetoothpaste big,52,91,168,306
562.jpg,640,480,gokulsantol big,157,123,229,286
562.jpg,640,480,darkfantasy big,247,105,331,294
562.jpg,640,480,gokulsantol small,338,152,387,292
562.jpg,640,480,boost big,388,71,509,320
562.jpg,640,480,boost small,461,207,591,396
562.jpg,640,480,darkfantasy small,173,276,253,432
562.jpg,640,480,colgatetoothpaste small,271,284,409,417
563.jpg,640,480,lgasafoetidapowder small,50,236,132,340
563.jpg,640,480,colgatetoothpaste big,51,67,171,286
563.jpg,640,480,gokulsantol big,153,81,231,259
563.jpg,640,480,gokulsantol small,236,137,291,256
563.jpg,640,480,darkfantasy big,285,73,382,256
563.jpg,640,480,boost small,470,153,593,359
563.jpg,640,480,boost big,391,34,509,282
563.jpg,640,480,darkfantasy small,179,254,269,399
563.jpg,640,480,colgatetoothpaste small,275,246,404,384
564.jpg,640,480,lgasafoetidapowder small,76,233,150,344
564.jpg,640,480,colgatetoothpaste big,63,36,166,247
564.jpg,640,480,gokulsantol big,159,62,228,230
564.jpg,640,480,gokulsantol small,236,131,290,231
564.jpg,640,480,darkfantasy big,294,72,372,234
564.jpg,640,480,boost small,439,172,577,377
564.jpg,640,480,boost big,371,43,513,281
564.jpg,640,480,darkfantasy small,178,228,253,380
564.jpg,640,480,colgatetoothpaste small,266,221,385,388
565.jpg,640,480,lgasafoetidapowder large,31,240,132,438
565.jpg,640,480,lgasafoetidapowder small,102,227,167,332
565.jpg,640,480,colgatetoothpaste big,117,72,191,289
565.jpg,640,480,gokulsantol big,197,104,261,281
565.jpg,640,480,gokulsantol small,264,180,324,291
565.jpg,640,480,darkfantasy big,336,118,420,300
565.jpg,640,480,boost small,497,211,637,428
565.jpg,640,480,boost big,410,131,566,343
565.jpg,640,480,darkfantasy small,185,267,275,426
565.jpg,640,480,colgatetoothpaste small,298,286,423,438
567.jpg,640,480,gokulsantol small,39,275,122,416
567.jpg,640,480,lgasafoetidapowder small,102,248,172,353
567.jpg,640,480,colgatetoothpaste big,106,95,196,310
567.jpg,640,480,gokulsantol big,198,134,254,294
567.jpg,640,480,lgasafoetidapowder large,261,185,319,304
567.jpg,640,480,darkfantasy big,326,138,412,308
567.jpg,640,480,boost big,480,148,634,396
567.jpg,640,480,boost small,413,147,502,322
567.jpg,640,480,darkfantasy small,198,294,275,437
567.jpg,640,480,colgatetoothpaste small,284,290,358,445
569.jpg,640,480,lgasafoetidapowder large,11,248,120,425
569.jpg,640,480,lgasafoetidapowder small,73,224,156,330
569.jpg,640,480,darkfantasy small,69,116,167,277
569.jpg,640,480,gokulsantol big,161,94,240,270
569.jpg,640,480,gokulsantol small,248,160,300,278
569.jpg,640,480,boost big,293,37,405,266
569.jpg,640,480,boost small,401,102,504,280
569.jpg,640,480,darkfantasy big,491,113,635,349
569.jpg,640,480,colgatetoothpaste big,139,253,253,477
569.jpg,640,480,colgatetoothpaste small,280,260,348,407
570.jpg,640,480,lgasafoetidapowder large,56,236,158,385
570.jpg,640,480,lgasafoetidapowder small,99,205,172,315
570.jpg,640,480,darkfantasy small,91,108,179,264
570.jpg,640,480,gokulsantol big,188,44,245,259
570.jpg,640,480,gokulsantol small,255,151,310,267
570.jpg,640,480,boost big,305,36,401,256
570.jpg,640,480,boost small,390,114,484,286
570.jpg,640,480,darkfantasy big,478,133,606,321
570.jpg,640,480,colgatetoothpaste big,181,246,257,451
570.jpg,640,480,colgatetoothpaste small,310,240,358,376
572.jpg,640,480,lgasafoetidapowder large,18,185,117,351
572.jpg,640,480,darkfantasy small,69,77,165,272
572.jpg,640,480,gokulsantol big,179,84,241,268
572.jpg,640,480,gokulsantol small,249,147,312,273
572.jpg,640,480,boost big,312,21,435,265
572.jpg,640,480,boost small,401,141,521,313
572.jpg,640,480,darkfantasy big,490,164,635,374
572.jpg,640,480,colgatetoothpaste big,133,240,250,476
572.jpg,640,480,colgatetoothpaste small,283,260,350,413
572.jpg,640,480,lgasafoetidapowder small,341,293,460,413
578.jpg,640,480,darkfantasy small,3,279,218,466
578.jpg,640,480,darkfantasy big,140,246,366,428
578.jpg,640,480,lgasafoetidapowder small,313,269,418,404
578.jpg,640,480,gokulsantol small,396,257,521,399
578.jpg,640,480,colgatetoothpaste small,522,238,571,384
578.jpg,640,480,colgatetoothpaste big,59,10,164,272
578.jpg,640,480,gokulsantol big,191,78,255,258
578.jpg,640,480,lgasafoetidapowder large,275,145,340,275
578.jpg,640,480,boost big,337,23,470,257
578.jpg,640,480,boost small,420,124,533,307
579.jpg,640,480,lgasafoetidapowder small,75,174,149,323
579.jpg,640,480,colgatetoothpaste big,110,36,184,282
579.jpg,640,480,gokulsantol big,201,79,265,263
579.jpg,640,480,lgasafoetidapowder large,281,134,346,263
579.jpg,640,480,boost big,340,31,445,251
579.jpg,640,480,boost small,415,127,526,285
579.jpg,640,480,colgatetoothpaste small,523,229,566,368
579.jpg,640,480,darkfantasy small,141,272,312,448
579.jpg,640,480,darkfantasy big,239,221,446,426
579.jpg,640,480,gokulsantol small,401,255,525,370
583.jpg,640,480,boost small,2,173,150,376
583.jpg,640,480,colgatetoothpaste big,81,39,185,263
583.jpg,640,480,gokulsantol big,182,76,263,256
583.jpg,640,480,boost big,242,10,357,243
583.jpg,640,480,gokulsantol small,348,167,409,297
583.jpg,640,480,lgasafoetidapowder large,407,115,473,247
583.jpg,640,480,lgasafoetidapowder small,453,204,528,322
583.jpg,640,480,darkfantasy small,525,231,636,405
583.jpg,640,480,colgatetoothpaste small,159,270,239,441
583.jpg,640,480,darkfantasy big,226,231,404,443
585.jpg,640,480,colgatetoothpaste small,86,299,216,445
585.jpg,640,480,darkfantasy big,96,140,212,312
585.jpg,640,480,boost big,203,62,307,285
585.jpg,640,480,boost small,315,122,381,264
585.jpg,640,480,gokulsantol big,379,101,440,275
585.jpg,640,480,gokulsantol small,431,182,488,278
585.jpg,640,480,colgatetoothpaste big,466,231,529,402
585.jpg,640,480,darkfantasy small,388,271,462,410
585.jpg,640,480,lgasafoetidapowder small,300,271,389,361
585.jpg,640,480,lgasafoetidapowder large,215,277,312,398
586.jpg,640,480,lgasafoetidapowder small,102,277,218,426
586.jpg,640,480,darkfantasy big,110,116,215,299
586.jpg,640,480,lgasafoetidapowder large,212,264,299,379
586.jpg,640,480,darkfantasy small,291,264,400,402
586.jpg,640,480,lgasafoetidapowder small,372,254,438,341
586.jpg,640,480,colgatetoothpaste big,460,231,515,392
586.jpg,640,480,gokulsantol small,433,176,485,299
586.jpg,640,480,gokulsantol big,377,117,447,267
586.jpg,640,480,boost small,315,107,383,262
586.jpg,640,480,boost big,210,77,311,271
59.jpg,360,480,colgatetoothpaste small,159,129,235,359
6.jpg,360,480,colgatetoothpaste big,135,149,231,352
61.jpg,360,480,colgatetoothpaste small,148,183,255,348
70.jpg,360,480,colgatetoothpaste big,87,132,260,183
70.jpg,360,480,colgatetoothpaste small,99,180,137,302
71.jpg,360,480,colgatetoothpaste small,144,202,195,349
71.jpg,360,480,colgatetoothpaste big,70,162,284,210
72.jpg,360,480,colgatetoothpaste big,91,150,272,193
72.jpg,360,480,colgatetoothpaste small,221,191,272,321
73.jpg,360,480,colgatetoothpaste small,151,202,189,323
73.jpg,360,480,colgatetoothpaste big,97,167,252,207
74.jpg,360,480,colgatetoothpaste small,127,263,224,362
74.jpg,360,480,colgatetoothpaste big,102,158,218,271
75.jpg,640,480,colgatetoothpaste small,145,136,291,259
75.jpg,640,480,colgatetoothpaste big,274,110,445,269
78.jpg,640,480,colgatetoothpaste small,215,283,381,333
78.jpg,640,480,colgatetoothpaste big,380,123,442,341
87.jpg,360,480,colgatetoothpaste big,104,144,186,359
87.jpg,360,480,colgatetoothpaste small,186,208,239,363
88.jpg,360,480,colgatetoothpaste small,225,193,275,361
88.jpg,360,480,colgatetoothpaste big,163,159,229,385
90.jpg,360,480,colgatetoothpaste big,141,47,205,281
90.jpg,360,480,colgatetoothpaste small,92,210,143,320
